{
  "LightGBM": {
    "roc_auc": 0.646140157716994,
    "pr_auc": 0.15211031439584016,
    "best_f2": 0.3372060073675262,
    "best_threshold": 0.09499999999999997
  },
  "LightGBM_v2": {
    "roc_auc": 0.6382580280549696,
    "pr_auc": 0.15134474773122258,
    "best_f2": 0.33499388218842857,
    "best_threshold": 0.09499999999999997
  },
  "CatBoost": {
    "roc_auc": 0.6522921244656016,
    "pr_auc": 0.16132955609822125,
    "best_f2": 0.3402493867538839,
    "best_threshold": 0.45499999999999974
  },
  "XGBoost": {
    "roc_auc": 0.6517155143678083,
    "pr_auc": 0.15943289056351206,
    "best_f2": 0.3391478948359164,
    "best_threshold": 0.46999999999999975
  },
  "Ensemble": {
    "roc_auc": 0.6526369677786074,
    "pr_auc": 0.16114767109657818,
    "best_f2": 0.33920445886220635,
    "best_threshold": 0.06999999999999998
  },
  "Average": {
    "roc_auc": 0.6526899870043517,
    "pr_auc": 0.16088198860589076,
    "best_f2": 0.340056918506824,
    "best_threshold": 0.2799999999999999
  },
  "RankAvg": {
    "roc_auc": 0.650972392230853,
    "pr_auc": 0.15668611203501556,
    "best_f2": 0.34042249500428207,
    "best_threshold": 0.4949999999999998
  }
}